﻿INSERT INTO [dbo].[Category] ([CategoryID], [Name]) VALUES (N'05e96547-1d1e-4f73-9408-0b23710744e4', N'history')
INSERT INTO [dbo].[Category] ([CategoryID], [Name]) VALUES (N'718f59df-d86c-43ff-9456-5cfad5107aa1', N'thriller')
INSERT INTO [dbo].[Category] ([CategoryID], [Name]) VALUES (N'e9e49657-ad34-432f-8101-5daea99e55bd', N'biography')
INSERT INTO [dbo].[Category] ([CategoryID], [Name]) VALUES (N'd5df356d-5c12-452f-970c-61d345ca5ca5', N'romantic')
INSERT INTO [dbo].[Category] ([CategoryID], [Name]) VALUES (N'812c4760-9ea3-4039-9e79-7a56961f46e8', N'war')
INSERT INTO [dbo].[Category] ([CategoryID], [Name]) VALUES (N'4ccadb6f-5c4c-435f-981d-83813ff8ebc3', N'crime')
INSERT INTO [dbo].[Category] ([CategoryID], [Name]) VALUES (N'd7755245-a0ff-4ff4-ac70-91f97f2d3336', N'documentary')
INSERT INTO [dbo].[Category] ([CategoryID], [Name]) VALUES (N'a53340ba-337e-4efd-bd72-93965c6e569e', N'animation')
INSERT INTO [dbo].[Category] ([CategoryID], [Name]) VALUES (N'a8745351-222b-45ee-b997-ae9e87e29c1f', N'sport')
INSERT INTO [dbo].[Category] ([CategoryID], [Name]) VALUES (N'4a40c283-e6a5-4c67-a4b3-c9c003a1cfc8', N'drama')
INSERT INTO [dbo].[Category] ([CategoryID], [Name]) VALUES (N'4537320b-63d4-4fba-8076-d2a3577caa33', N'sci-fi')
INSERT INTO [dbo].[Category] ([CategoryID], [Name]) VALUES (N'0d25b3ce-13cd-4d50-8a0d-d3fc07d33c60', N'fantasy')
INSERT INTO [dbo].[Category] ([CategoryID], [Name]) VALUES (N'3f16b1bb-93fb-4054-9adc-e7b520d6319f', N'musical')
INSERT INTO [dbo].[Category] ([CategoryID], [Name]) VALUES (N'66370e45-65e9-4c45-9ddf-fa3205cdca3b', N'action')
INSERT INTO [dbo].[Category] ([CategoryID], [Name]) VALUES (N'7e3262ae-91ee-4a7a-93e9-fd61463a190e', N'comedy')

INSERT INTO [dbo].[Product] ([ProductID], [CategoryID], [Title], [ReleaseYear], [Description], [IMDB], [Category], [Price], [ContentUrl], [Runtime], [Director]) VALUES (N'675f5695-b022-4ef1-a8e9-27a2bbd80841', N'a53340ba-337e-4efd-bd72-93965c6e569e', N'Song of the Sea', CAST(2014 AS Decimal(4, 0)), N'Ben, a young Irish boy, and his little sister Saoirse, a girl who can turn into a seal,
go on an adventure to free the fairies and save the spirit world.', CAST(8.1 AS Decimal(2, 1)), NULL, CAST(2950 AS Decimal(10, 0)), N'https://ia.media-imdb.com/images/M/MV5BMTQ2MDMwNjEwNV5BMl5BanBnXkFtZTgwOTkxMzI0MzE@._V1_SY1000_CR0,0,691,1000_AL_.jpg', CAST(93 AS Decimal(18, 0)), N'Tomm Moore')
INSERT INTO [dbo].[Product] ([ProductID], [CategoryID], [Title], [ReleaseYear], [Description], [IMDB], [Category], [Price], [ContentUrl], [Runtime], [Director]) VALUES (N'ba4f79f7-8a88-4be6-9bec-3183b15d0690', N'0d25b3ce-13cd-4d50-8a0d-d3fc07d33c60', N'The Lord of the Rings: Fellowship of the Ring', CAST(2001 AS Decimal(4, 0)), N'In ancient times, the Elven-smiths created the Rings of Power. Then the Dark Lord Sauron created a Ring to rule the Lesser Rings. But the Ring was stolen, and for a long time, he thought it to be lost. But many years later, the Ring came to the hobbit, Bilbo Baggins. In a land called the Shire, Frodo inherits the Ring from his uncle, Bilbo. Now Frodo must take a journey across Middle-earth, and throw the Ring into the volcano, Mt. Doom, the only place it can be destroyed.', CAST(8.8 AS Decimal(2, 1)), NULL, CAST(3250 AS Decimal(10, 0)), N'https://ia.media-imdb.com/images/M/MV5BN2EyZjM3NzUtNWUzMi00MTgxLWI0NTctMzY4M2VlOTdjZWRiXkEyXkFqcGdeQXVyNDUzOTQ5MjY@._V1_SY999_CR0,0,673,999_AL_.jpg', CAST(178 AS Decimal(18, 0)), N'Peter Jackson')
INSERT INTO [dbo].[Product] ([ProductID], [CategoryID], [Title], [ReleaseYear], [Description], [IMDB], [Category], [Price], [ContentUrl], [Runtime], [Director]) VALUES (N'f6812b61-d8c2-4d6d-83d7-84c1e854ffe0', N'd7755245-a0ff-4ff4-ac70-91f97f2d3336', N'Searching for Sugar Man', CAST(2012 AS Decimal(4, 0)), N'Two South Africans set out to discover what happened to their unlikely musical hero, the mysterious 1970s rock n roller, Rodriguez.', CAST(8.2 AS Decimal(2, 1)), NULL, CAST(2500 AS Decimal(10, 0)), N'https://ia.media-imdb.com/images/M/MV5BMWYyMzgxNDQtMDI2Mi00NmMzLWI5MTAtMmUwNDg3Yjg3N2U3XkEyXkFqcGdeQXVyNzI1NzMxNzM@._V1_SY1000_CR0,0,731,1000_AL_.jpg', CAST(86 AS Decimal(18, 0)), N'Malik Bendjelloul')
INSERT INTO [dbo].[Product] ([ProductID], [CategoryID], [Title], [ReleaseYear], [Description], [IMDB], [Category], [Price], [ContentUrl], [Runtime], [Director]) VALUES (N'748722f1-6a40-4362-bd43-86512aac3333', N'4a40c283-e6a5-4c67-a4b3-c9c003a1cfc8', N'Dead poets society', CAST(1989 AS Decimal(4, 0)), N'English teacher John Keating inspires his students to look at poetry with a different
perspective of authentic knowledge and feelings.', CAST(8.0 AS Decimal(2, 1)), NULL, CAST(2000 AS Decimal(10, 0)), N'https://ia.media-imdb.com/images/M/MV5BOGYwYWNjMzgtNGU4ZC00NWQ2LWEwZjUtMzE1Zjc3NjY3YTU1XkEyXkFqcGdeQXVyMTQxNzMzNDI@._V1_SY1000_CR0,0,677,1000_AL_.jpg', CAST(128 AS Decimal(18, 0)), N'Peter Weir')
INSERT INTO [dbo].[Product] ([ProductID], [CategoryID], [Title], [ReleaseYear], [Description], [IMDB], [Category], [Price], [ContentUrl], [Runtime], [Director]) VALUES (N'a6640083-e46e-4e32-86d6-9cda72bcbbb9', N'0d25b3ce-13cd-4d50-8a0d-d3fc07d33c60', N'Kingsglaive: Final Fantasy XV', CAST(2016 AS Decimal(4, 0)), N'King Regis, who oversees the land of Lucis, commands his army of soldiers to protect the kingdom from the Niflheim empire s plans to steal the sacred crystal which gives Lucis its magic and power.', CAST(6.9 AS Decimal(2, 1)), NULL, CAST(3000 AS Decimal(10, 0)), N'https://ia.media-imdb.com/images/M/MV5BOTEwNzMxNTU5M15BMl5BanBnXkFtZTgwMzMyMjg3OTE@._V1_SY1000_CR0,0,674,1000_AL_.jpg', CAST(110 AS Decimal(18, 0)), N'Takeshi Nozue')
INSERT INTO [dbo].[Product] ([ProductID], [CategoryID], [Title], [ReleaseYear], [Description], [IMDB], [Category], [Price], [ContentUrl], [Runtime], [Director]) VALUES (N'f42180ee-7915-4902-a967-df10fe85eadd', N'0d25b3ce-13cd-4d50-8a0d-d3fc07d33c60', N'Stranger Things', CAST(2016 AS Decimal(4, 0)), N'A love letter to the ''80s classics that captivated a generation, Stranger Things is set in 1983 Indiana, where a young boy vanishes into thin air. As friends, family and local police search for answers, they are drawn into an extraordinary mystery involving top-secret government experiments, terrifying supernatural forces and one very strange little girl.', CAST(8.9 AS Decimal(2, 1)), NULL, CAST(4500 AS Decimal(10, 0)), N'https://ia.media-imdb.com/images/M/MV5BMjUwMDgzOTg3Nl5BMl5BanBnXkFtZTgwNTI4MDk5MzI@._V1_SY1000_CR0,0,669,1000_AL_.jpg', CAST(51 AS Decimal(18, 0)), N'Duffer brothers')
INSERT INTO [dbo].[Product] ([ProductID], [CategoryID], [Title], [ReleaseYear], [Description], [IMDB], [Category], [Price], [ContentUrl], [Runtime], [Director]) VALUES (N'180d5142-726c-42ed-a23e-ff1d4a7cceba', N'4a40c283-e6a5-4c67-a4b3-c9c003a1cfc8', N'Brooklyn', CAST(2015 AS Decimal(4, 0)), N'An Irish immigrant lands in 1950s Brooklyn, where she quickly falls 
into a romance with a local. When her past catches up with her, however,
she must choose between two countries and the lives that exist within.', CAST(7.5 AS Decimal(2, 1)), NULL, CAST(3800 AS Decimal(10, 0)), N'https://ia.media-imdb.com/images/M/MV5BMzE4MDk5NzEyOV5BMl5BanBnXkFtZTgwNDM4NDA3NjE@._V1_SY1000_SX675_AL_.jpg', CAST(117 AS Decimal(18, 0)), N'John Crowley')

INSERT INTO [dbo].[User] ([UserID], [FullName], [Username], [Email], [Password], [Balance], [IsAdmin]) VALUES (N'96f22d0a-9a17-4111-89a9-145080584c2d', N'John Smith', N'john.smith', N'john@dmail.com', N'A9-C4-3B-E9-48-C5-CA-BD-56-EF-2B-AC-FF-B7-7C-DA-A5-EE-C4-9D-D5-EB-0C-C4-12-9C-F3-ED-A5-F0-E7-4C', CAST(13540 AS Decimal(20, 0)), 0)
INSERT INTO [dbo].[User] ([UserID], [FullName], [Username], [Email], [Password], [Balance], [IsAdmin]) VALUES (N'5ce02a2e-56ab-4bfa-8672-2428dad921a9', N'Ricky Morty', N'rickmo', N'rm@rickmail.com', N'F0-E4-C2-F7-6C-58-91-6E-C2-58-F2-46-85-1B-EA-09-1D-14-D4-24-7A-2F-C3-E1-86-94-46-1B-18-16-E1-3B', CAST(0 AS Decimal(20, 0)), 1)
INSERT INTO [dbo].[User] ([UserID], [FullName], [Username], [Email], [Password], [Balance], [IsAdmin]) VALUES (N'd79e5b75-b999-460b-a59d-2595d39e7ac3', N'Tony Stark', N'stark14', N'tony@gmail.com', N'8A-88-C3-24-0E-B6-4F-F7-C9-27-FE-71-D8-5C-49-09-4F-6F-27-AD-CA-67-B1-76-B2-D0-2A-9B-07-E8-B7-45', CAST(17500 AS Decimal(20, 0)), 0)
INSERT INTO [dbo].[User] ([UserID], [FullName], [Username], [Email], [Password], [Balance], [IsAdmin]) VALUES (N'90f5de98-81bd-47f1-8843-4efb38c2e529', N'Casa Blanca', N'casa', N'casa@gmail.com', N'B3-81-30-27-ED-21-50-EC-34-49-F0-71-6C-F5-3C-5D-4A-63-24-86-13-63-65-BD-23-E1-9C-37-28-84-55-3F', CAST(29500 AS Decimal(20, 0)), 0)

INSERT INTO [dbo].[BalanceHistory] ([BalanceHistoryID], [UserID], [OrderDate], [Price], [IsApproved]) VALUES (N'ba89b548-9916-43a2-851f-fd112526e5b4', N'96f22d0a-9a17-4111-89a9-145080584c2d', N'2018-05-10 15:20:00', CAST(12000 AS Decimal(30, 0)), 0)
INSERT INTO [dbo].[BalanceHistory] ([BalanceHistoryID], [UserID], [OrderDate], [Price], [IsApproved]) VALUES (N'34745bd3-e478-4ee2-9181-519cd63c1823', N'96f22d0a-9a17-4111-89a9-145080584c2d', N'2018-04-20 21:32:19', CAST(3500 AS Decimal(30, 0)), 0)
INSERT INTO [dbo].[BalanceHistory] ([BalanceHistoryID], [UserID], [OrderDate], [Price], [IsApproved]) VALUES (N'90c69cae-a197-45de-b040-4555fae2e686', N'90f5de98-81bd-47f1-8843-4efb38c2e529', N'2018-05-14 19:55:07', CAST(5400 AS Decimal(30, 0)), 0)
INSERT INTO [dbo].[BalanceHistory] ([BalanceHistoryID], [UserID], [OrderDate], [Price], [IsApproved]) VALUES (N'03d1e069-759d-4085-9f13-c4afb5aa7eea', N'd79e5b75-b999-460b-a59d-2595d39e7ac3', N'2018-05-11 10:00:00', CAST(10000 AS Decimal(30, 0)), 0)

INSERT INTO [dbo].[History] ([HistoryID], [UserID], [ProductID], [OrderDate], [Price]) VALUES (N'f759c7fb-d4e8-4c79-a66a-595a71acf10f', N'90f5de98-81bd-47f1-8843-4efb38c2e529', N'180d5142-726c-42ed-a23e-ff1d4a7cceba', N'2018-02-13 00:00:00', CAST(3800 AS Decimal(30, 0)))
INSERT INTO [dbo].[History] ([HistoryID], [UserID], [ProductID], [OrderDate], [Price]) VALUES (N'7118f8f3-a03e-4868-a38b-637dbcdf7a31', N'90f5de98-81bd-47f1-8843-4efb38c2e529', N'675f5695-b022-4ef1-a8e9-27a2bbd80841', N'2018-04-23 00:00:00', CAST(2950 AS Decimal(30, 0)))
